Melbourne,Brazillia,year of gap
-0.002650075,0.246315045,1910-1930
-0.088724891,-0.020510917,1930-1950
0.397895197,0.154462882,1950-1970
0.160991266,0.344152838,1970-1990
